instance_size,population,variant,seed,best_fitness,feasible,wall_time_ms,kernel_fitness_ms,kernel_repro_ms,h2d_transfer_ms,d2h_transfer_ms,feasible_pct,init_fitness,final_fitness,improvement
small,1024,sequential,42,0.248904,Yes,742,,,,,100,0.165725,0.248904,0.0831797
small,1024,sequential,43,0.248904,Yes,926,,,,,100,0.176552,0.248904,0.0723524
small,1024,sequential,44,0.248904,Yes,812,,,,,100,0.165758,0.248904,0.0831468
small,1024,sequential,45,0.248904,Yes,809,,,,,100,0.167638,0.248904,0.0812666
small,1024,sequential,46,0.248904,Yes,807,,,,,100,0.1688,0.248904,0.0801039
small,1024,sequential,47,0.248904,Yes,897,,,,,100,0.15827,0.248904,0.0906343
small,1024,sequential,48,0.248904,Yes,861,,,,,100,0.177673,0.248904,0.0712309
small,1024,sequential,49,0.248904,Yes,877,,,,,100,0.167399,0.248904,0.0815057
small,1024,sequential,50,0.248904,Yes,1297,,,,,100,0.166252,0.248904,0.082652
small,1024,sequential,51,0.248904,Yes,934,,,,,100,0.168231,0.248904,0.0806729
small,1024,cuda_basic,42,0.248904,Yes,864,2.59072,13.2487,2.43274,3.35504,23.5352,0.160158,0.248904,0.088746
small,1024,cuda_basic,43,0.248904,Yes,230,5.00029,25.2884,0.276576,6.4112,22.2656,0.146057,0.248904,0.102847
small,1024,cuda_basic,44,0.248904,Yes,199,3.09686,14.4034,0.23472,3.55757,21.875,0.147888,0.248904,0.101016
small,1024,cuda_basic,45,0.248904,Yes,215,3.94618,20.2549,0.219424,5.11309,23.8281,0.168149,0.248904,0.0807554
small,1024,cuda_basic,46,0.248904,Yes,224,4.21092,20.8554,0.223872,5.45706,21.7773,0.177302,0.248904,0.071602
small,1024,cuda_basic,47,0.248904,Yes,210,3.63367,19.206,0.211616,4.9561,21.582,0.153685,0.248904,0.0952193
small,1024,cuda_basic,48,0.248847,Yes,220,4.18061,20.5369,0.220384,5.19056,23.7305,0.159614,0.248847,0.0892325
small,1024,cuda_basic,49,0.248904,Yes,220,3.89453,19.4777,0.206656,4.90906,23.1445,0.154435,0.248904,0.0944689
small,1024,cuda_basic,50,0.248904,Yes,209,3.79395,19.8042,0.21088,4.91075,25.4883,0.160414,0.248904,0.0884903
small,1024,cuda_basic,51,0.248113,Yes,223,4.18131,21.7715,0.213536,5.37478,27.4414,0.16377,0.248113,0.0843425
small,1024,cuda_optimized,42,0.248904,Yes,202,2.90659,27.6736,0.229792,3.40874,23.5352,0.160158,0.248904,0.088746
small,1024,cuda_optimized,43,0.248904,Yes,257,5.63926,53.7731,0.219104,6.8449,22.2656,0.146057,0.248904,0.102847
small,1024,cuda_optimized,44,0.248904,Yes,212,3.40586,30.5622,0.226016,4.12093,21.875,0.147888,0.248904,0.101016
small,1024,cuda_optimized,45,0.248904,Yes,244,5.48544,43.2597,0.226144,5.16295,23.8281,0.168149,0.248904,0.0807554
small,1024,cuda_optimized,46,0.248904,Yes,238,4.80861,44.4814,0.220448,5.18464,21.7773,0.177302,0.248904,0.071602
small,1024,cuda_optimized,47,0.248904,Yes,239,4.89939,40.9405,0.219456,4.97914,21.582,0.153685,0.248904,0.0952193
small,1024,cuda_optimized,48,0.248847,Yes,242,4.69469,43.5468,0.227168,5.2815,23.7305,0.159614,0.248847,0.0892325
small,1024,cuda_optimized,49,0.248904,Yes,228,3.91408,41.3155,0.219072,5.05773,23.1445,0.154435,0.248904,0.0944689
small,1024,cuda_optimized,50,0.248904,Yes,237,4.16531,41.98,0.239776,4.99558,25.4883,0.160414,0.248904,0.0884903
small,1024,cuda_optimized,51,0.248113,Yes,251,4.37437,45.6812,0.234912,5.41174,27.4414,0.16377,0.248113,0.0843425
small,4096,sequential,42,0.248904,Yes,3311,,,,,100,0.175554,0.248904,0.0733502
small,4096,sequential,43,0.248904,Yes,2927,,,,,100,0.17468,0.248904,0.0742243
small,4096,sequential,44,0.248904,Yes,2823,,,,,100,0.178613,0.248904,0.0702909
small,4096,sequential,45,0.248904,Yes,2506,,,,,100,0.175975,0.248904,0.0729297
small,4096,sequential,46,0.248904,Yes,2808,,,,,100,0.175356,0.248904,0.0735481
small,4096,sequential,47,0.248904,Yes,2722,,,,,100,0.178094,0.248904,0.0708104
small,4096,sequential,48,0.248904,Yes,2991,,,,,100,0.176783,0.248904,0.0721215
small,4096,sequential,49,0.248904,Yes,2739,,,,,100,0.176807,0.248904,0.0720968
small,4096,sequential,50,0.248904,Yes,3562,,,,,100,0.178729,0.248904,0.0701754
small,4096,sequential,51,0.248904,Yes,2373,,,,,100,0.177335,0.248904,0.071569
small,4096,cuda_basic,42,0.248904,Yes,327,3.97503,27.4309,0.291168,6.98051,21.3867,0.156258,0.248904,0.0926464
small,4096,cuda_basic,43,0.248904,Yes,261,3.03216,21.1527,0.317696,5.10192,22.4121,0.165329,0.248904,0.0835756
small,4096,cuda_basic,44,0.248904,Yes,299,4.1839,28.4604,0.27296,6.87354,22.3389,0.165576,0.248904,0.0833282
small,4096,cuda_basic,45,0.248904,Yes,287,3.69977,25.906,0.284192,6.84979,23.1689,0.166046,0.248904,0.0828582
small,4096,cuda_basic,46,0.248904,Yes,283,3.64464,25.3037,0.286912,6.52055,21.6309,0.168561,0.248904,0.0803431
small,4096,cuda_basic,47,0.248904,Yes,284,3.63417,24.9549,0.362624,6.42576,22.29,0.163449,0.248904,0.0854557
small,4096,cuda_basic,48,0.248904,Yes,292,3.66188,25.1812,0.279168,6.0625,23.1445,0.168355,0.248904,0.0805492
small,4096,cuda_basic,49,0.248904,Yes,289,3.86013,25.769,0.285312,6.79225,22.5342,0.161189,0.248904,0.0877152
small,4096,cuda_basic,50,0.248904,Yes,307,4.2432,28.2572,0.272032,7.29382,23.584,0.160769,0.248904,0.0881357
small,4096,cuda_basic,51,0.248904,Yes,277,3.24768,22.2365,0.32608,6.51712,21.6064,0.167514,0.248904,0.0813903
small,4096,cuda_optimized,42,0.248904,Yes,294,4.04455,35.2051,0.349344,7.29002,21.3867,0.156258,0.248904,0.0926464
small,4096,cuda_optimized,43,0.248904,Yes,268,3.09069,27.1892,0.271584,5.45395,22.4121,0.165329,0.248904,0.0835756
small,4096,cuda_optimized,44,0.248904,Yes,299,4.12135,36.677,0.308736,7.28007,22.3389,0.165576,0.248904,0.0833282
small,4096,cuda_optimized,45,0.248904,Yes,279,3.77123,33.2369,0.28704,6.27229,23.1689,0.166046,0.248904,0.0828582
small,4096,cuda_optimized,46,0.248904,Yes,279,3.65341,32.812,0.274496,6.54333,21.6309,0.168561,0.248904,0.0803431
small,4096,cuda_optimized,47,0.248904,Yes,278,3.69651,32.1393,0.286944,6.79552,22.29,0.163449,0.248904,0.0854557
small,4096,cuda_optimized,48,0.248904,Yes,284,3.5681,32.5253,0.277088,6.45091,23.1445,0.168355,0.248904,0.0805492
small,4096,cuda_optimized,49,0.248904,Yes,288,3.88336,34.5793,0.290912,7.06096,22.5342,0.161189,0.248904,0.0877152
small,4096,cuda_optimized,50,0.248904,Yes,301,4.25632,38.0578,0.283584,7.76371,23.584,0.160769,0.248904,0.0881357
small,4096,cuda_optimized,51,0.248904,Yes,275,3.60128,31.6457,0.32208,5.90416,21.6064,0.167514,0.248904,0.0813903
small,16384,sequential,42,0.248904,Yes,10641,,,,,100,0.175966,0.248904,0.0729379
small,16384,sequential,43,0.248904,Yes,10690,,,,,100,0.180205,0.248904,0.0686994
small,16384,sequential,44,0.248904,Yes,11260,,,,,100,0.181244,0.248904,0.0676603
small,16384,sequential,45,0.248904,Yes,10862,,,,,100,0.183223,0.248904,0.0656812
small,16384,sequential,46,0.248904,Yes,11267,,,,,100,0.181203,0.248904,0.0677016
small,16384,sequential,47,0.248904,Yes,11260,,,,,100,0.18418,0.248904,0.0647247
small,16384,sequential,48,0.248904,Yes,9794,,,,,100,0.182868,0.248904,0.0660358
small,16384,sequential,49,0.248904,Yes,9380,,,,,100,0.18272,0.248904,0.0661843
small,16384,sequential,50,0.248904,Yes,10015,,,,,100,0.17938,0.248904,0.069524
small,16384,sequential,51,0.248904,Yes,12014,,,,,100,0.183495,0.248904,0.0654091
small,16384,cuda_basic,42,0.248904,Yes,542,4.4353,46.2918,0.61696,9.13344,25.5127,0.169081,0.248904,0.0798235
small,16384,cuda_basic,43,0.248904,Yes,648,5.94511,61.7194,0.6352,12.5596,23.1506,0.179034,0.248904,0.0698703
small,16384,cuda_basic,44,0.248904,Yes,498,4.01366,41.5566,0.63008,8.25734,23.8953,0.176024,0.248904,0.0728802
small,16384,cuda_basic,45,0.248904,Yes,558,4.73289,49.3389,0.604128,9.85165,22.9187,0.166046,0.248904,0.0828582
small,16384,cuda_basic,46,0.248904,Yes,526,4.48723,46.3966,0.647424,9.54103,22.4915,0.167943,0.248904,0.0809615
small,16384,cuda_basic,47,0.248904,Yes,542,4.55261,47.3979,0.605056,9.70471,23.3215,0.169666,0.248904,0.0792381
small,16384,cuda_basic,48,0.248904,Yes,571,4.94595,51.9222,0.625984,10.7625,24.3103,0.175488,0.248904,0.0734162
small,16384,cuda_basic,49,0.248904,Yes,526,4.48221,46.7769,0.611968,9.81565,24.0967,0.167613,0.248904,0.0812914
small,16384,cuda_basic,50,0.248904,Yes,499,4.04816,41.8594,0.612512,8.49696,23.3521,0.173996,0.248904,0.0749088
small,16384,cuda_basic,51,0.248904,Yes,513,4.26163,43.9582,0.61088,9.00518,24.4019,0.168157,0.248904,0.0807471
small,16384,cuda_optimized,42,0.248904,Yes,493,4.69322,44.0402,0.637984,8.78656,25.5127,0.169081,0.248904,0.0798235
small,16384,cuda_optimized,43,0.248904,Yes,633,6.54429,62.5899,0.610816,12.2718,23.1506,0.179034,0.248904,0.0698703
small,16384,cuda_optimized,44,0.248904,Yes,482,4.55856,42.2226,0.621088,8.26614,23.8953,0.176024,0.248904,0.0728802
small,16384,cuda_optimized,45,0.248904,Yes,537,5.41949,50.1361,0.613216,9.9431,22.9187,0.166046,0.248904,0.0828582
small,16384,cuda_optimized,46,0.248904,Yes,518,4.93261,47.1573,0.610208,9.26797,22.4915,0.167943,0.248904,0.0809615
small,16384,cuda_optimized,47,0.248904,Yes,522,5.0567,48.1833,0.611168,9.35629,23.3215,0.169666,0.248904,0.0792381
small,16384,cuda_optimized,48,0.248904,Yes,560,5.4449,52.7768,0.609824,10.3212,24.3103,0.175488,0.248904,0.0734162
small,16384,cuda_optimized,49,0.248904,Yes,520,5.0273,47.5217,0.612576,9.35959,24.0967,0.167613,0.248904,0.0812914
small,16384,cuda_optimized,50,0.248904,Yes,485,4.55088,42.7049,0.622272,8.43338,23.3521,0.173996,0.248904,0.0749088
small,16384,cuda_optimized,51,0.248904,Yes,496,4.62496,44.6843,0.614464,9.03846,24.4019,0.168157,0.248904,0.0807471
medium,1024,sequential,42,0.234962,Yes,24934,,,,,100,0.127634,0.234962,0.107328
medium,1024,sequential,43,0.234019,Yes,18759,,,,,100,0.128629,0.234019,0.105389
medium,1024,sequential,44,0.235461,Yes,21663,,,,,100,0.12888,0.235461,0.106581
medium,1024,sequential,45,0.235129,Yes,26423,,,,,100,0.125693,0.235129,0.109437
medium,1024,sequential,46,0.233035,Yes,12480,,,,,100,0.128905,0.233035,0.104131
medium,1024,sequential,47,0.234534,Yes,23436,,,,,100,0.127073,0.234534,0.10746
medium,1024,sequential,48,0.235971,Yes,26953,,,,,100,0.127672,0.235971,0.1083
medium,1024,sequential,49,0.233913,Yes,18609,,,,,100,0.130752,0.233913,0.103162
medium,1024,sequential,50,0.234803,Yes,25374,,,,,100,0.127058,0.234803,0.107745
medium,1024,sequential,51,0.23504,Yes,20742,,,,,100,0.127295,0.23504,0.107745
medium,1024,cuda_basic,42,0.21909,Yes,1112,27.3786,826.182,0.4664,7.31645,10.6445,0.124364,0.21909,0.0947256
medium,1024,cuda_basic,43,0.223326,Yes,1042,27.2123,797.872,0.460928,7.78179,12.207,0.125838,0.223326,0.0974885
medium,1024,cuda_basic,44,0.224354,Yes,998,25.5583,759.436,0.455232,7.26854,12.9883,0.126374,0.224354,0.0979798
medium,1024,cuda_basic,45,0.220373,Yes,788,19.3746,569.016,0.466144,5.56592,14.1602,0.126408,0.220373,0.0939641
medium,1024,cuda_basic,46,0.219092,Yes,844,20.5755,617.878,0.477088,6.14141,9.66797,0.129099,0.219092,0.0899929
medium,1024,cuda_basic,47,0.221191,Yes,895,21.8697,661.397,0.456384,6.59827,12.5977,0.128238,0.221191,0.0929532
medium,1024,cuda_basic,48,0.217024,Yes,761,18.189,543.096,0.453728,5.22979,10.8398,0.125766,0.217024,0.0912583
medium,1024,cuda_basic,49,0.220692,Yes,955,24.0553,718.048,0.474816,7.12937,12.8906,0.135508,0.220692,0.0851844
medium,1024,cuda_basic,50,0.220219,Yes,770,18.3675,548.449,0.461568,5.28563,13.5742,0.128166,0.220219,0.0920528
medium,1024,cuda_basic,51,0.22152,Yes,1083,27.2576,831.584,0.45456,8.00457,10.6445,0.129281,0.22152,0.0922392
medium,1024,cuda_optimized,42,0.21909,Yes,1698,27.2194,1452.63,0.465856,7.75437,10.6445,0.124364,0.21909,0.0947256
medium,1024,cuda_optimized,43,0.223326,Yes,1722,28.3417,1467.05,0.458944,8.58189,12.207,0.125838,0.223326,0.0974885
medium,1024,cuda_optimized,44,0.224354,Yes,1637,26.4671,1393.42,0.472256,7.62438,12.9883,0.126374,0.224354,0.0979798
medium,1024,cuda_optimized,45,0.220373,Yes,1269,20.0401,1046.97,0.460672,5.89507,14.1602,0.126408,0.220373,0.0939641
medium,1024,cuda_optimized,46,0.219092,Yes,1354,21.1282,1121.19,0.453568,6.00003,9.66797,0.129099,0.219092,0.0899929
medium,1024,cuda_optimized,47,0.221191,Yes,1438,22.4726,1203.01,0.492064,6.64234,12.5977,0.128238,0.221191,0.0929532
medium,1024,cuda_optimized,48,0.217024,Yes,1217,18.9069,993.078,0.457056,5.64137,10.8398,0.125766,0.217024,0.0912583
medium,1024,cuda_optimized,49,0.220692,Yes,1554,24.8485,1315.95,0.452032,7.37667,12.8906,0.135508,0.220692,0.0851844
medium,1024,cuda_optimized,50,0.220219,Yes,1222,19.0767,999.421,0.465632,5.89446,13.5742,0.128166,0.220219,0.0920528
medium,1024,cuda_optimized,51,0.22152,Yes,1754,28.036,1502.77,0.468288,8.27901,10.6445,0.129281,0.22152,0.0922392
medium,4096,sequential,42,0.235937,Yes,109453,,,,,100,0.13137,0.235937,0.104567
medium,4096,sequential,43,0.236892,Yes,108102,,,,,100,0.131514,0.236892,0.105378
medium,4096,sequential,44,0.236849,Yes,71601,,,,,100,0.130603,0.236849,0.106245
medium,4096,sequential,45,0.236082,Yes,66803,,,,,100,0.129102,0.236082,0.106979
medium,4096,sequential,46,0.235381,Yes,76601,,,,,100,0.128995,0.235381,0.106386
medium,4096,sequential,47,0.234758,Yes,61914,,,,,100,0.137031,0.234758,0.0977268
medium,4096,sequential,48,0.23673,Yes,107332,,,,,100,0.129807,0.23673,0.106923
medium,4096,sequential,49,0.23471,Yes,59820,,,,,100,0.131931,0.23471,0.10278
medium,4096,sequential,50,0.237365,Yes,86974,,,,,100,0.134133,0.237365,0.103232
medium,4096,sequential,51,0.235942,Yes,76011,,,,,100,0.13092,0.235942,0.105022
medium,4096,cuda_basic,42,0.222713,Yes,1719,33.1037,1239.11,1.00234,12.0213,12.3047,0.13262,0.222713,0.090093
medium,4096,cuda_basic,43,0.223033,Yes,1650,32.4764,1205.57,0.997888,11.4125,13.1348,0.132931,0.223033,0.0901017
medium,4096,cuda_basic,44,0.222833,Yes,1690,33.2254,1240.72,1.02778,12.3779,13.1104,0.130211,0.222833,0.0926218
medium,4096,cuda_basic,45,0.221755,Yes,1262,23.9913,882.634,1.00742,8.38278,12.3535,0.129032,0.221755,0.0927231
medium,4096,cuda_basic,46,0.222626,Yes,1295,24.4168,909.232,1.0151,8.61149,12.8662,0.134737,0.222626,0.0878894
medium,4096,cuda_basic,47,0.223774,Yes,1667,33.0599,1225.45,1.00509,11.6095,12.3535,0.131572,0.223774,0.0922015
medium,4096,cuda_basic,48,0.220572,Yes,1003,18.073,663.167,0.988544,6.42698,12.4512,0.128916,0.220572,0.091656
medium,4096,cuda_basic,49,0.2251,Yes,1656,32.5774,1219.2,1.00061,10.8666,12.3047,0.130818,0.2251,0.0942814
medium,4096,cuda_basic,50,0.22479,Yes,1681,33.0474,1228.2,1.00256,12.2684,12.5,0.130351,0.22479,0.0944396
medium,4096,cuda_basic,51,0.222769,Yes,1362,26.0078,969.38,1.00678,9.01558,13.0371,0.129894,0.222769,0.0928748
medium,4096,cuda_optimized,42,0.222713,Yes,2142,32.8962,1709.56,1.0401,11.4891,12.3047,0.13262,0.222713,0.090093
medium,4096,cuda_optimized,43,0.223033,Yes,2107,32.291,1667.56,0.99552,11.8078,13.1348,0.132931,0.223033,0.0901017
medium,4096,cuda_optimized,44,0.222833,Yes,2156,32.8792,1709.23,1.03706,11.7028,13.1104,0.130211,0.222833,0.0926218
medium,4096,cuda_optimized,45,0.221755,Yes,1608,23.9145,1235.49,1.01354,8.70986,12.3535,0.129032,0.221755,0.0927231
medium,4096,cuda_optimized,46,0.222626,Yes,1641,24.4176,1259.25,1.01162,8.42518,12.8662,0.134737,0.222626,0.0878894
medium,4096,cuda_optimized,47,0.223774,Yes,2125,32.7212,1690.45,0.998304,12.8179,12.3535,0.131572,0.223774,0.0922015
medium,4096,cuda_optimized,48,0.220572,Yes,1265,18.3618,928.34,0.990464,6.45885,12.4512,0.128916,0.220572,0.091656
medium,4096,cuda_optimized,49,0.2251,Yes,2118,32.539,1683.09,1.02058,11.4679,12.3047,0.130818,0.2251,0.0942814
medium,4096,cuda_optimized,50,0.22479,Yes,2130,32.8455,1694.82,0.994688,11.7948,12.5,0.130351,0.22479,0.0944396
medium,4096,cuda_optimized,51,0.222769,Yes,1726,26.0985,1338.95,0.990624,9.38295,13.0371,0.129894,0.222769,0.0928748
medium,16384,sequential,42,0.237145,Yes,438998,,,,,100,0.13293,0.237145,0.104216
medium,16384,sequential,43,0.236948,Yes,373734,,,,,100,0.130943,0.236948,0.106005
medium,16384,sequential,44,0.237771,Yes,433541,,,,,100,0.13333,0.237771,0.104441
medium,16384,sequential,45,0.236816,Yes,393883,,,,,100,0.13312,0.236816,0.103696
medium,16384,sequential,46,0.237839,Yes,384358,,,,,100,0.136101,0.237839,0.101738
medium,16384,sequential,47,0.236893,Yes,441751,,,,,100,0.136082,0.236893,0.100811
medium,16384,sequential,48,0.23728,Yes,396773,,,,,100,0.129505,0.23728,0.107775
medium,16384,sequential,49,0.237248,Yes,432688,,,,,100,0.133432,0.237248,0.103816
medium,16384,sequential,50,0.23799,Yes,441578,,,,,100,0.133718,0.23799,0.104272
medium,16384,sequential,51,0.239052,Yes,435697,,,,,100,0.129363,0.239052,0.109689
medium,16384,cuda_basic,42,0.224368,Yes,3947,77.0897,2407.36,3.05414,24.3855,13.2324,0.137729,0.224368,0.0866384
medium,16384,cuda_basic,43,0.222331,Yes,2525,44.8542,1395.83,3.09264,14.3391,13.6536,0.13275,0.222331,0.0895811
medium,16384,cuda_basic,44,0.22366,Yes,2757,52.7505,1604.1,3.44125,16.953,13.8916,0.134802,0.22366,0.0888574
medium,16384,cuda_basic,45,0.22429,Yes,3542,71.9419,2189.82,3.01155,21.4835,13.5559,0.133084,0.22429,0.0912062
medium,16384,cuda_basic,46,0.224043,Yes,3362,70.4056,2048.79,3.46365,21.8683,12.854,0.135888,0.224043,0.0881546
medium,16384,cuda_basic,47,0.223865,Yes,2838,57.2819,1682.79,3.00717,17.1486,13.4338,0.133057,0.223865,0.090808
medium,16384,cuda_basic,48,0.223732,Yes,3191,63.0265,1892.1,3.77907,20.5515,13.3972,0.133264,0.223732,0.0904679
medium,16384,cuda_basic,49,0.223169,Yes,2668,51.834,1522.98,3.18614,18.2017,13.1104,0.133483,0.223169,0.0896856
medium,16384,cuda_basic,50,0.223295,Yes,3075,62.0197,1844.14,2.99949,18.7012,13.4888,0.137704,0.223295,0.085591
medium,16384,cuda_basic,51,0.224219,Yes,3418,67.2059,2070.75,3.41834,20.9778,12.8235,0.132296,0.224219,0.0919232
medium,16384,cuda_optimized,42,0.224368,Yes,4003,136.124,2470.14,3.24531,25.5851,13.2324,0.137729,0.224368,0.0866384
medium,16384,cuda_optimized,43,0.222331,Yes,2227,59.7311,1280.02,2.96077,12.507,13.6536,0.13275,0.222331,0.0895811
medium,16384,cuda_optimized,44,0.22366,Yes,2489,64.2316,1477.8,3.04995,14.511,13.8916,0.134802,0.22366,0.0888574
medium,16384,cuda_optimized,45,0.22429,Yes,3290,91.1188,2060.83,3.06806,20.132,13.5559,0.133084,0.22429,0.0912062
medium,16384,cuda_optimized,46,0.224043,Yes,3108,82.1165,1950.87,2.98256,19.2034,12.854,0.135888,0.224043,0.0881546
medium,16384,cuda_optimized,47,0.223865,Yes,2635,68.512,1606.35,3.58806,15.3711,13.4338,0.133057,0.223865,0.090808
medium,16384,cuda_optimized,48,0.223732,Yes,2740,61.1205,1688.09,2.95088,16.7357,13.3972,0.133264,0.223732,0.0904679
medium,16384,cuda_optimized,49,0.223169,Yes,2371,58.2308,1419.75,2.95958,13.7714,13.1104,0.133483,0.223169,0.0896856
medium,16384,cuda_optimized,50,0.223295,Yes,2739,60.6022,1691.4,2.86246,16.4851,13.4888,0.137704,0.223295,0.085591
medium,16384,cuda_optimized,51,0.224219,Yes,3187,96.0143,2001.87,2.90934,18.7101,12.8235,0.132296,0.224219,0.0919232
large,1024,sequential,42,0.208247,Yes,315772,,,,,100,0.111513,0.208247,0.0967334
large,1024,sequential,43,0.207545,Yes,318699,,,,,100,0.113552,0.207545,0.0939926
large,1024,sequential,44,0.205862,Yes,168274,,,,,100,0.112045,0.205862,0.0938173
large,1024,sequential,45,0.208436,Yes,285565,,,,,100,0.113733,0.208436,0.0947026
large,1024,sequential,46,0.208078,Yes,298767,,,,,100,0.1143,0.208078,0.0937783
large,1024,sequential,47,0.208733,Yes,312377,,,,,100,0.112474,0.208733,0.0962586
large,1024,sequential,48,0.208261,Yes,314197,,,,,100,0.113192,0.208261,0.0950686
large,1024,sequential,49,0.208388,Yes,317472,,,,,100,0.112534,0.208388,0.0958535
large,1024,sequential,50,0.207614,Yes,317448,,,,,100,0.112366,0.207614,0.0952477
large,1024,sequential,51,0.208498,Yes,314819,,,,,100,0.113361,0.208498,0.0951374
large,1024,cuda_basic,42,0.194788,Yes,52337,298.543,51336.3,2.75782,12.3638,5.46875,0.112104,0.194788,0.0826842
large,1024,cuda_basic,43,0.194862,Yes,51466,288.319,50504.9,2.53603,12.4199,5.07812,0.112231,0.194862,0.0826312
large,1024,cuda_basic,44,0.194247,Yes,36585,205.499,35804.2,2.1161,9.20157,5.27344,0.111679,0.194247,0.0825675
large,1024,cuda_basic,45,0.195323,Yes,53556,299.489,52536.4,2.10358,12.7582,5.37109,0.112094,0.195323,0.0832289
large,1024,cuda_basic,46,0.193716,Yes,33326,190.513,32567.4,2.70646,8.61632,5.46875,0.113297,0.193716,0.0804183
large,1024,cuda_basic,47,0.192405,Yes,26570,152.474,25904.4,2.09514,6.70829,5.56641,0.114343,0.192405,0.078062
large,1024,cuda_basic,48,0.196187,Yes,53157,298.868,52150.4,2.14896,13.07,5.17578,0.11308,0.196187,0.0831072
large,1024,cuda_basic,49,0.195017,Yes,51208,296.467,50266.4,3.21373,12.6991,4.98047,0.111858,0.195017,0.0831597
large,1024,cuda_basic,50,0.195962,Yes,51001,297.43,50061,2.09962,12.4061,5.56641,0.112954,0.195962,0.0830086
large,1024,cuda_basic,51,0.196434,Yes,50753,294.978,49821.7,2.04051,13.2003,5.46875,0.112696,0.196434,0.0837377
large,1024,cuda_optimized,42,0.194788,Yes,92782,366.026,91776.3,2.19027,13.5952,5.46875,0.112104,0.194788,0.0826842
large,1024,cuda_optimized,43,0.194862,Yes,87235,347.782,86297.5,1.96989,12.5578,5.07812,0.112231,0.194862,0.0826312
large,1024,cuda_optimized,44,0.194247,Yes,63260,252.896,62429.5,2.13382,9.62141,5.27344,0.111679,0.194247,0.0825675
large,1024,cuda_optimized,45,0.195323,Yes,91733,365.599,90732.4,2.09629,13.2532,5.37109,0.112094,0.195323,0.0832289
large,1024,cuda_optimized,46,0.193716,Yes,56847,230.904,56112.5,2.03642,8.45593,5.46875,0.113297,0.193716,0.0804183
large,1024,cuda_optimized,47,0.192405,Yes,42027,172.331,41422.7,2.03606,6.08838,5.56641,0.114343,0.192405,0.078062
large,1024,cuda_optimized,48,0.196187,Yes,83929,336.33,83074.1,2.09686,11.543,5.17578,0.11308,0.196187,0.0831072
large,1024,cuda_optimized,49,0.195017,Yes,83521,331.908,82670.9,2.0015,11.5013,4.98047,0.111858,0.195017,0.0831597
large,1024,cuda_optimized,50,0.195962,Yes,83104,330.831,82255.1,2.49459,11.46,5.56641,0.112954,0.195962,0.0830086
large,1024,cuda_optimized,51,0.196434,Yes,83977,331.842,83135,2.03443,11.4391,5.46875,0.112696,0.196434,0.0837377
large,4096,sequential,42,0.209023,Yes,1260395,,,,,100,0.113862,0.209023,0.0951608
large,4096,sequential,43,0.209027,Yes,1259933,,,,,100,0.11496,0.209027,0.0940674
large,4096,sequential,44,0.20939,Yes,1246604,,,,,100,0.113971,0.20939,0.0954195
large,4096,sequential,45,0.208101,Yes,944868,,,,,100,0.11324,0.208101,0.0948616
large,4096,sequential,46,0.208727,Yes,1144870,,,,,100,0.113433,0.208727,0.095294
large,4096,sequential,47,0.208861,Yes,1123561,,,,,100,0.114193,0.208861,0.0946679
large,4096,sequential,48,0.208385,Yes,1070482,,,,,100,0.113193,0.208385,0.0951917
large,4096,sequential,49,0.209419,Yes,1247577,,,,,100,0.112293,0.209419,0.0971263
large,4096,sequential,50,0.209054,Yes,1243405,,,,,100,0.1135,0.209054,0.0955531
large,4096,sequential,51,0.210215,Yes,1232304,,,,,100,0.112728,0.210215,0.0974868
large,4096,cuda_basic,42,0.196701,Yes,63798,503.174,62061.4,6.69491,13.6305,5.54199,0.11363,0.196701,0.0830711
large,4096,cuda_basic,43,0.196392,Yes,63796,503.999,62130,6.69014,13.4165,6.25,0.112617,0.196392,0.0837755
large,4096,cuda_basic,44,0.195595,Yes,63929,503.608,62250,6.72646,13.4482,5.44434,0.113941,0.195703,0.0817612
large,4096,cuda_basic,45,0.196069,Yes,63801,502.593,62137,6.68522,13.3549,5.93262,0.113845,0.196069,0.0822236
large,4096,cuda_basic,46,0.196503,Yes,64003,503.813,62336.1,6.70483,13.4502,5.95703,0.112752,0.196503,0.0837505
large,4096,cuda_basic,47,0.19703,Yes,63514,503.23,61849.5,6.70454,13.2652,5.34668,0.113278,0.197072,0.083794
large,4096,cuda_basic,48,0.195513,Yes,65728,504.093,64013.2,6.69763,13.6644,5.61523,0.113051,0.195513,0.082462
large,4096,cuda_basic,49,0.197184,Yes,63901,499.794,62244.1,6.7168,13.3872,5.7373,0.114443,0.197184,0.0827403
large,4096,cuda_basic,50,0.196597,Yes,64110,500.133,62432.4,6.68586,13.6266,5.68848,0.112936,0.196597,0.0836614
large,4096,cuda_basic,51,0.196616,Yes,63969,500.756,62297.5,6.73254,13.7795,5.46875,0.112774,0.196616,0.0838421
large,4096,cuda_optimized,42,0.196701,Yes,78382,501.364,76699.9,6.69789,13.6568,5.54199,0.11363,0.196701,0.0830711
large,4096,cuda_optimized,43,0.196392,Yes,78374,503.758,76707.8,6.692,13.4517,6.25,0.112617,0.196392,0.0837755
large,4096,cuda_optimized,44,0.195595,Yes,78455,501.985,76778.7,6.69254,13.4712,5.44434,0.113941,0.195703,0.0817612
large,4096,cuda_optimized,45,0.196069,Yes,78315,502.809,76626.9,6.69498,13.6175,5.93262,0.113845,0.196069,0.0822236
large,4096,cuda_optimized,46,0.196503,Yes,78611,503.747,76932.4,6.68602,13.782,5.95703,0.112752,0.196503,0.0837505
large,4096,cuda_optimized,47,0.19703,Yes,78200,499.544,76528.6,6.71056,13.5863,5.34668,0.113278,0.197072,0.083794
large,4096,cuda_optimized,48,0.195513,Yes,78518,500.053,76831.4,6.75235,13.5515,5.61523,0.113051,0.195513,0.082462
large,4096,cuda_optimized,49,0.197184,Yes,78363,500.366,76691.2,6.71018,13.6453,5.7373,0.114443,0.197184,0.0827403
large,4096,cuda_optimized,50,0.196597,Yes,78524,500.007,76836.1,6.70509,13.5953,5.68848,0.112936,0.196597,0.0836614
large,4096,cuda_optimized,51,0.196616,Yes,78358,500.871,76681.3,6.75811,13.6813,5.46875,0.112774,0.196616,0.0838421
large,16384,sequential,42,0.198786,Yes,1051837,,,,,,,,
large,16384,sequential,43,0.199736,Yes,1181684,,,,,,,,
large,16384,sequential,44,0.199113,Yes,990466,,,,,,,,
large,16384,sequential,45,0.199924,Yes,1184120,,,,,,,,
large,16384,sequential,46,0.198985,Yes,1038799,,,,,,,,
large,16384,sequential,47,0.199415,Yes,1178960,,,,,,,,
large,16384,sequential,48,0.190685,Yes,944926,,,,,,,,
large,16384,sequential,49,0.199471,Yes,1188772,,,,,,,,
large,16384,sequential,50,0.197931,Yes,1192266,,,,,,,,
large,16384,sequential,51,0.199382,Yes,1195584,,,,,,,,
large,16384,cuda_basic,42,0.196835,Yes,107477,1093.09,102397,25.4107,18.7582,5.65186,0.113796,0.196835,0.0830396
large,16384,cuda_basic,43,0.197242,Yes,127514,1296.17,122099,25.3362,22.2529,5.69458,0.113512,0.197242,0.0837301
large,16384,cuda_basic,44,0.19686,Yes,131581,1335.44,126075,25.3193,22.5789,5.78613,0.114088,0.19686,0.082772
large,16384,cuda_basic,45,0.197166,Yes,131090,1327.27,125589,25.333,23.1476,5.70679,0.114423,0.197264,0.0828406
large,16384,cuda_basic,46,0.196537,Yes,132336,1335.56,126834,25.3181,25.1241,5.81665,0.114696,0.196537,0.0818408
large,16384,cuda_basic,47,0.197028,Yes,130882,1328.28,125378,25.3573,22.6837,5.81665,0.114831,0.197028,0.0821964
large,16384,cuda_basic,48,0.197132,Yes,131103,1328.33,125611,25.3322,22.8537,5.63354,0.114055,0.197189,0.0831347
large,16384,cuda_basic,49,0.197921,Yes,130906,1330.53,125409,25.3059,22.8532,5.9082,0.114318,0.197921,0.0836038
large,16384,cuda_basic,50,0.197353,Yes,131153,1325.69,125674,25.3296,22.6819,5.62134,0.114586,0.197486,0.0829004
large,16384,cuda_basic,51,0.197109,Yes,130595,1329.49,125120,25.3161,22.7171,5.83496,0.113784,0.197109,0.0833251
large,16384,cuda_optimized,42,0.196835,Yes,103824,1093.17,98771.6,25.4236,19.4738,5.65186,0.113796,0.196835,0.0830396
large,16384,cuda_optimized,43,0.197242,Yes,123174,1293.1,117724,25.3381,22.4051,5.69458,0.113512,0.197242,0.0837301
large,16384,cuda_optimized,44,0.19686,Yes,126536,1327.95,121025,25.3277,23.4803,5.78613,0.114088,0.19686,0.082772
large,16384,cuda_optimized,45,0.197166,Yes,126601,1323.55,121052,25.3033,23.4042,5.70679,0.114423,0.197264,0.0828406
large,16384,cuda_optimized,46,0.196537,Yes,126124,1323.7,120599,25.3216,23.3603,5.81665,0.114696,0.196537,0.0818408
large,16384,cuda_optimized,47,0.197028,Yes,126108,1323.89,120610,25.3144,23.2584,5.81665,0.114831,0.197028,0.0821964
large,16384,cuda_optimized,48,0.197132,Yes,126289,1323.61,120780,25.4615,23.355,5.63354,0.114055,0.197189,0.0831347
large,16384,cuda_optimized,49,0.197921,Yes,126495,1324.93,120998,25.3293,22.9662,5.9082,0.114318,0.197921,0.0836038
large,16384,cuda_optimized,50,0.197353,Yes,126732,1328.96,121199,25.326,22.6707,5.62134,0.114586,0.197486,0.0829004
large,16384,cuda_optimized,51,0.197109,Yes,127065,1337.77,121521,25.4155,23.4684,5.83496,0.113784,0.197109,0.0833251
