instance_size,population,variant,seed,best_fitness,feasible,wall_time_ms,kernel_fitness_ms,kernel_repro_ms,h2d_transfer_ms,d2h_transfer_ms,feasible_pct,init_fitness,final_fitness,improvement
small,512,sequential,42,0.248904,Yes,488,0.152944,0.248904,0.096
small,512,sequential,43,0.248904,Yes,456,0.144911,0.248904,0.104
small,512,sequential,44,0.248847,Yes,716,0.142074,0.248847,0.1068
small,512,sequential,45,0.248904,Yes,610,0.144053,0.248904,0.1049
small,512,sequential,46,0.248904,Yes,566,0.151516,0.248904,0.0974
small,512,sequential,47,0.248904,Yes,597,0.15146,0.248904,0.0974
small,512,sequential,48,0.248904,Yes,717,0.140829,0.248904,0.1081
small,512,sequential,49,0.248904,Yes,606,0.149448,0.248904,0.0995
small,512,sequential,50,0.24817,Yes,523,0.153965,0.24817,0.0942
small,512,sequential,51,0.248847,Yes,393,0.137745,0.248847,0.1111
small,512,cuda_basic,42,0.248541,Yes,599,5.17353,36.2566,0.51392,14.3235,23.4375,0.154905,0.248541,0.0936
small,512,cuda_basic,43,0.248904,Yes,179,4.00035,28.5537,0.521184,11.2554,21.875,0.14595,0.248904,0.103
small,512,cuda_basic,44,0.248904,Yes,208,5.55673,37.0451,0.579584,15.6186,21.4844,0.149743,0.248904,0.0992
small,512,cuda_basic,45,0.248904,Yes,183,4.24886,29.9639,0.4976,11.549,22.4609,0.15197,0.248904,0.0969
small,512,cuda_basic,46,0.24803,Yes,162,3.36732,23.39,0.524416,9.13251,22.4609,0.152597,0.24803,0.0954
small,512,cuda_basic,47,0.248212,Yes,208,5.58924,38.2939,0.49568,15.0521,27.1484,0.157355,0.248212,0.0909
small,512,cuda_basic,48,0.248904,Yes,143,2.51712,17.4422,0.528384,6.7121,21.4844,0.150337,0.248904,0.0986
small,512,cuda_basic,49,0.248385,Yes,192,4.68505,32.1192,0.741376,12.5389,19.3359,0.152184,0.248385,0.0962
small,512,cuda_basic,50,0.248904,Yes,172,3.85593,27.2335,0.519168,10.4556,22.2656,0.146667,0.248904,0.1022
small,512,cuda_basic,51,0.248904,Yes,166,3.4695,19.6662,0.495616,10.0452,23.2422,0.168132,0.248904,0.0808
small,512,cuda_optimized,42,0.248541,Yes,226,11.0843,53.5846,0.616448,12.3881,23.4375,0.154905,0.248541,0.0936
small,512,cuda_optimized,43,0.248904,Yes,199,9.05107,42.4571,0.528192,10.4142,21.875,0.14595,0.248904,0.103
small,512,cuda_optimized,44,0.248904,Yes,224,11.219,53.9037,0.505856,12.7113,21.4844,0.149743,0.248904,0.0992
small,512,cuda_optimized,45,0.248904,Yes,200,9.6424,45.3043,0.496736,10.1837,22.4609,0.15197,0.248904,0.0969
small,512,cuda_optimized,46,0.24803,Yes,173,7.06701,34.0667,0.52224,7.48803,22.4609,0.152597,0.24803,0.0954
small,512,cuda_optimized,47,0.248212,Yes,236,12.1191,56.6623,0.49152,12.7309,27.1484,0.157355,0.248212,0.0909
small,512,cuda_optimized,48,0.248904,Yes,149,5.36579,24.2958,0.47616,5.74077,21.4844,0.150337,0.248904,0.0986
small,512,cuda_optimized,49,0.248385,Yes,217,10.6379,44.9725,0.52224,11.8587,19.3359,0.152184,0.248385,0.0962
small,512,cuda_optimized,50,0.248904,Yes,196,9.55107,37.8945,0.514048,10.5274,22.2656,0.146667,0.248904,0.1022
small,512,cuda_optimized,51,0.248904,Yes,168,6.54077,29.4177,0.54784,7.7274,23.2422,0.168132,0.248904,0.0808
small,1024,sequential,42,0.248904,Yes,877,0.152944,0.248904,0.096
small,1024,sequential,43,0.248904,Yes,946,0.150794,0.248904,0.0981
small,1024,sequential,44,0.248904,Yes,974,0.155904,0.248904,0.093
small,1024,sequential,45,0.248904,Yes,1018,0.144053,0.248904,0.1049
small,1024,sequential,46,0.248904,Yes,1148,0.162673,0.248904,0.0862
small,1024,sequential,47,0.248904,Yes,854,0.15146,0.248904,0.0974
small,1024,sequential,48,0.248904,Yes,941,0.142223,0.248904,0.1067
small,1024,sequential,49,0.248904,Yes,1016,0.149448,0.248904,0.0995
small,1024,sequential,50,0.248904,Yes,840,0.153965,0.248904,0.0949
small,1024,sequential,51,0.248533,Yes,770,0.148844,0.248533,0.0997
small,1024,cuda_basic,42,0.248904,Yes,200,3.76793,24.67,0.612864,9.8031,23.2422,0.154411,0.248904,0.0945
small,1024,cuda_basic,43,0.248212,Yes,214,4.22316,27.4628,0.532096,11.3014,28.0273,0.148968,0.248212,0.0992
small,1024,cuda_basic,44,0.248904,Yes,261,6.09872,36.5239,0.494176,14.4934,21.6797,0.165024,0.248904,0.0839
small,1024,cuda_basic,45,0.248212,Yes,234,4.75107,34.5836,0.537824,13.1342,27.832,0.164883,0.248212,0.0833
small,1024,cuda_basic,46,0.248904,Yes,253,5.39657,40.6294,0.499872,14.1763,23.6328,0.156604,0.248904,0.0923
small,1024,cuda_basic,47,0.248904,Yes,232,4.49385,32.2653,0.643392,12.0685,21.9727,0.150683,0.248904,0.0982
small,1024,cuda_basic,48,0.248212,Yes,167,2.92349,18.5028,1.04483,6.77677,27.7344,0.153998,0.248212,0.0942
small,1024,cuda_basic,49,0.248904,Yes,225,4.52582,34.0166,0.528224,11.9879,22.6562,0.156777,0.248904,0.0921
small,1024,cuda_basic,50,0.248847,Yes,266,6.23478,43.0033,0.498496,15.6573,21.582,0.152423,0.248847,0.0964
small,1024,cuda_basic,51,0.247841,Yes,248,5.06307,38.3397,0.536032,13.6097,20.8984,0.151813,0.247841,0.096
small,1024,cuda_optimized,42,0.248904,Yes,219,7.74038,48.4714,0.5896,7.98531,23.2422,0.154411,0.248904,0.0945
small,1024,cuda_optimized,43,0.248212,Yes,243,8.3665,56.2298,0.537664,9.72157,28.0273,0.148968,0.248212,0.0992
small,1024,cuda_optimized,44,0.248904,Yes,276,11.0671,69.8912,0.49584,11.5916,21.6797,0.165024,0.248904,0.0839
small,1024,cuda_optimized,45,0.248212,Yes,257,9.75053,60.2748,0.516352,11.1802,27.832,0.164883,0.248212,0.0833
small,1024,cuda_optimized,46,0.248904,Yes,298,11.6188,71.3361,0.56304,13.2301,23.6328,0.156604,0.248904,0.0923
small,1024,cuda_optimized,47,0.248904,Yes,241,8.79699,55.6658,0.527584,10.4544,21.9727,0.150683,0.248904,0.0982
small,1024,cuda_optimized,48,0.248212,Yes,178,5.10698,31.2691,0.548384,5.8743,27.7344,0.153998,0.248212,0.0942
small,1024,cuda_optimized,49,0.248904,Yes,253,9.19124,58.4187,0.51888,10.8572,22.6562,0.156777,0.248904,0.0921
small,1024,cuda_optimized,50,0.248847,Yes,289,11.508,72.9751,0.528352,13.4988,21.582,0.152423,0.248847,0.0964
small,1024,cuda_optimized,51,0.247841,Yes,285,11.2006,68.7635,0.620608,13.1472,20.8984,0.151813,0.247841,0.096
small,4096,sequential,42,0.248904,Yes,4293,0.152944,0.248904,0.096
small,4096,sequential,43,0.248904,Yes,3546,0.152854,0.248904,0.0961
small,4096,sequential,44,0.248904,Yes,3898,0.160175,0.248904,0.0887
small,4096,sequential,45,0.248904,Yes,2664,0.159449,0.248904,0.0895
small,4096,sequential,46,0.248904,Yes,3465,0.162673,0.248904,0.0862
small,4096,sequential,47,0.248904,Yes,3158,0.154189,0.248904,0.0947
small,4096,sequential,48,0.248904,Yes,3565,0.151255,0.248904,0.0976
small,4096,sequential,49,0.248904,Yes,3909,0.165312,0.248904,0.0836
small,4096,sequential,50,0.248904,Yes,3865,0.156069,0.248904,0.0928
small,4096,sequential,51,0.248904,Yes,3415,0.164696,0.248904,0.0842
small,4096,cuda_basic,42,0.248904,Yes,358,3.82448,26.3598,0.557248,10.5106,21.3623,0.176041,0.248904,0.0729
small,4096,cuda_basic,43,0.248904,Yes,371,3.69936,26.7098,0.61504,10.5424,22.6318,0.157404,0.248904,0.0915
small,4096,cuda_basic,44,0.248904,Yes,412,3.53523,28.5862,0.539648,11.5718,22.168,0.160901,0.248904,0.088
small,4096,cuda_basic,45,0.248904,Yes,406,3.80617,29.6174,0.570144,12.6242,22.9736,0.173567,0.248904,0.0753
small,4096,cuda_basic,46,0.248904,Yes,420,4.02326,30.4779,0.584768,11.6493,24.2188,0.157346,0.248904,0.0916
small,4096,cuda_basic,47,0.248904,Yes,350,2.9263,24.4792,1.16096,8.51331,23.1689,0.160859,0.248904,0.088
small,4096,cuda_basic,48,0.248904,Yes,398,3.56272,29.1351,0.564832,9.43853,22.5098,0.166904,0.248904,0.082
small,4096,cuda_basic,49,0.248904,Yes,415,4.32432,31.7785,0.53552,11.0882,22.4609,0.155359,0.248904,0.0935
small,4096,cuda_basic,50,0.248904,Yes,365,3.54064,26.3736,0.567296,9.75139,24.3408,0.164265,0.248904,0.0846
small,4096,cuda_basic,51,0.248904,Yes,358,3.27158,25.0363,0.564928,9.58103,25.5127,0.161148,0.248904,0.0878
small,4096,cuda_optimized,42,0.248904,Yes,355,7.18131,45.6196,0.539904,8.43133,21.3623,0.176041,0.248904,0.0729
small,4096,cuda_optimized,43,0.248904,Yes,357,7.58723,45.3474,0.537312,8.62154,22.6318,0.157404,0.248904,0.0915
small,4096,cuda_optimized,44,0.248904,Yes,376,7.86323,48.6383,0.547008,9.36275,22.168,0.160901,0.248904,0.088
small,4096,cuda_optimized,45,0.248904,Yes,381,8.12141,50.1212,0.527744,9.80672,22.9736,0.173567,0.248904,0.0753
small,4096,cuda_optimized,46,0.248904,Yes,401,8.27037,51.7764,0.532832,10.501,24.2188,0.157346,0.248904,0.0916
small,4096,cuda_optimized,47,0.248904,Yes,348,6.20768,39.05,0.527072,7.53286,23.1689,0.160859,0.248904,0.088
small,4096,cuda_optimized,48,0.248904,Yes,366,7.33808,46.4654,0.59888,9.30294,22.5098,0.166904,0.248904,0.082
small,4096,cuda_optimized,49,0.248904,Yes,394,8.22365,50.6711,0.543808,9.8775,22.4609,0.155359,0.248904,0.0935
small,4096,cuda_optimized,50,0.248904,Yes,353,6.91898,43.9242,0.539712,8.2383,24.3408,0.164265,0.248904,0.0846
small,4096,cuda_optimized,51,0.248904,Yes,333,6.89936,41.6639,0.719808,7.91808,25.5127,0.161148,0.248904,0.0878
medium,512,sequential,42,0.23176,Yes,9686,0.105748,0.23176,0.126
medium,512,sequential,43,0.2318,Yes,6107,0.109469,0.2318,0.1223
medium,512,sequential,44,0.233874,Yes,10114,0.100914,0.233874,0.133
medium,512,sequential,45,0.2335,Yes,12398,0.114162,0.2335,0.1193
medium,512,sequential,46,0.23245,Yes,8132,0.103524,0.23245,0.1289
medium,512,sequential,47,0.233198,Yes,8646,0.100424,0.233198,0.1328
medium,512,sequential,48,0.232538,Yes,8063,0.0987854,0.232538,0.1338
medium,512,sequential,49,0.232636,Yes,8920,0.104965,0.232636,0.1277
medium,512,sequential,50,0.233692,Yes,9587,0.0997511,0.233692,0.1339
medium,512,sequential,51,0.234786,Yes,10240,0.10166,0.234786,0.1331
medium,512,cuda_basic,42,0.218954,Yes,1377,36.3318,1159.62,0.555968,15.0026,9.76562,0.128767,0.218954,0.0902
medium,512,cuda_basic,43,0.219289,Yes,1358,36.5032,1130.01,0.542752,15.4916,9.375,0.132275,0.219289,0.087
medium,512,cuda_basic,44,0.219033,Yes,1324,36.3372,1104.19,1.10086,15.1057,12.5,0.126236,0.219033,0.0928
medium,512,cuda_basic,45,0.216627,Yes,764,19.4566,605.344,0.529408,7.94889,11.7188,0.12517,0.216627,0.0915
medium,512,cuda_basic,46,0.21781,Yes,1095,29.8641,900.586,0.577504,12.2576,12.5,0.122918,0.21781,0.0949
medium,512,cuda_basic,47,0.219229,Yes,1239,32.592,1033.78,0.53696,13.4428,10.9375,0.124434,0.219229,0.0948
medium,512,cuda_basic,48,0.219329,Yes,1370,36.2922,1147.1,0.550112,15.0332,10.1562,0.12435,0.219329,0.095
medium,512,cuda_basic,49,0.219931,Yes,1118,30.1431,922.906,0.566016,12.7844,14.0625,0.126067,0.219931,0.0939
medium,512,cuda_basic,50,0.218954,Yes,1256,34.0283,1044.82,0.54144,14.2631,12.1094,0.127698,0.218954,0.0913
medium,512,cuda_basic,51,0.219167,Yes,1158,30.5355,959.677,0.547264,12.739,13.2812,0.130883,0.219167,0.0883
medium,512,cuda_optimized,42,0.218954,Yes,1993,46.5296,1763.93,0.541056,15.4024,9.76562,0.128767,0.218954,0.0902
medium,512,cuda_optimized,43,0.219289,Yes,1965,46.0176,1729.88,0.562176,15.428,9.375,0.132275,0.219289,0.087
medium,512,cuda_optimized,44,0.219033,Yes,1932,45.8858,1701.62,0.60224,15.1587,12.5,0.126236,0.219033,0.0928
medium,512,cuda_optimized,45,0.216627,Yes,1099,24.479,931.067,0.558944,8.24544,11.7188,0.12517,0.216627,0.0915
medium,512,cuda_optimized,46,0.21781,Yes,1619,37.7613,1413.02,0.5512,12.6524,12.5,0.122918,0.21781,0.0949
medium,512,cuda_optimized,47,0.219229,Yes,1829,42.6639,1602.53,0.45728,13.8941,10.9375,0.124434,0.219229,0.0948
medium,512,cuda_optimized,48,0.219329,Yes,2013,47.1257,1779.97,0.551136,15.6543,10.1562,0.12435,0.219329,0.095
medium,512,cuda_optimized,49,0.219931,Yes,1687,38.976,1470.59,0.585664,14.9212,14.0625,0.126067,0.219931,0.0939
medium,512,cuda_optimized,50,0.218954,Yes,1945,44.975,1717.64,0.561824,15.2306,12.1094,0.127698,0.218954,0.0913
medium,512,cuda_optimized,51,0.219167,Yes,1681,38.2675,1472.08,0.560384,13.701,13.2812,0.130883,0.219167,0.0883
medium,1024,sequential,42,0.234761,Yes,25027,0.105748,0.234761,0.129
medium,1024,sequential,43,0.234528,Yes,21563,0.109469,0.234528,0.1251
medium,1024,sequential,44,0.232789,Yes,12080,0.100914,0.232789,0.1319
medium,1024,sequential,45,0.234258,Yes,25201,0.114162,0.234258,0.1201
medium,1024,sequential,46,0.234372,Yes,22563,0.103524,0.234372,0.1308
medium,1024,sequential,47,0.234671,Yes,18574,0.100424,0.234671,0.1342
medium,1024,sequential,48,0.23411,Yes,25038,0.0987854,0.23411,0.1353
medium,1024,sequential,49,0.235099,Yes,22143,0.104965,0.235099,0.1301
medium,1024,sequential,50,0.233147,Yes,18034,0.102302,0.233147,0.1308
medium,1024,sequential,51,0.234911,Yes,24526,0.10166,0.234911,0.1333
medium,1024,cuda_basic,42,0.219456,Yes,1472,36.4613,1187.63,0.858976,18.8142,12.793,0.127041,0.219456,0.0924
medium,1024,cuda_basic,43,0.221753,Yes,1513,37.2908,1211.43,0.863648,18.5983,11.9141,0.127434,0.221753,0.0943
medium,1024,cuda_basic,44,0.22154,Yes,1509,37.6351,1216.06,0.861632,18.044,10.2539,0.124064,0.22154,0.0975
medium,1024,cuda_basic,45,0.22018,Yes,1148,28.3795,898.099,0.826144,11.4688,11.6211,0.129592,0.22018,0.0906
medium,1024,cuda_basic,46,0.221785,Yes,1481,37.0897,1193.71,0.814304,17.6261,12.5,0.124513,0.221785,0.0973
medium,1024,cuda_basic,47,0.220254,Yes,1106,26.5419,863.319,0.882048,13.8462,12.793,0.127158,0.220254,0.0931
medium,1024,cuda_basic,48,0.222454,Yes,1077,25.4487,835.444,0.896128,13.4464,13.6719,0.126455,0.222454,0.096
medium,1024,cuda_basic,49,0.218798,Yes,912,21.8049,691.276,0.828256,10.8383,11.1328,0.127468,0.218798,0.0913
medium,1024,cuda_basic,50,0.221924,Yes,1115,27.2313,868.284,0.87152,14.4023,11.1328,0.127376,0.221924,0.0945
medium,1024,cuda_basic,51,0.221445,Yes,1451,36.333,1162.04,0.861408,19.1515,11.6211,0.128118,0.221445,0.0933
medium,1024,cuda_optimized,42,0.219456,Yes,2461,45.623,2163.45,0.871456,18.7971,12.793,0.127041,0.219456,0.0924
medium,1024,cuda_optimized,43,0.221753,Yes,2465,45.5557,2160.37,0.869056,18.2941,11.9141,0.127434,0.221753,0.0943
medium,1024,cuda_optimized,44,0.22154,Yes,2459,44.8327,2169.8,0.874208,18.4682,10.2539,0.124064,0.22154,0.0975
medium,1024,cuda_optimized,45,0.22018,Yes,1941,34.4095,1680.2,0.869792,13.8977,11.6211,0.129592,0.22018,0.0906
medium,1024,cuda_optimized,46,0.221785,Yes,2545,46.5215,2234.7,1.0735,18.1696,12.5,0.124513,0.221785,0.0973
medium,1024,cuda_optimized,47,0.220254,Yes,1840,33.1418,1592.17,1.01965,12.0599,12.793,0.127158,0.220254,0.0931
medium,1024,cuda_optimized,48,0.222454,Yes,1753,31.4269,1518.28,0.845184,11.518,13.6719,0.126455,0.222454,0.096
medium,1024,cuda_optimized,49,0.218798,Yes,1535,27.4667,1306.79,0.80288,9.96333,11.1328,0.127468,0.218798,0.0913
medium,1024,cuda_optimized,50,0.221924,Yes,1905,34.8175,1652.76,0.866944,12.7416,11.1328,0.127376,0.221924,0.0945
medium,1024,cuda_optimized,51,0.221445,Yes,2500,45.8254,2196.75,0.877152,16.7412,11.6211,0.128118,0.221445,0.0933
medium,4096,sequential,42,0.235835,Yes,79465,0.106559,0.235835,0.1293
medium,4096,sequential,43,0.236416,Yes,85457,0.109469,0.236416,0.1269
medium,4096,sequential,44,0.235991,Yes,76192,0.107424,0.235991,0.1286
medium,4096,sequential,45,0.236545,Yes,100030,0.114162,0.236545,0.1224
medium,4096,sequential,46,0.235147,Yes,56653,0.104662,0.235147,0.1305
medium,4096,sequential,47,0.23781,Yes,99740,0.103003,0.23781,0.1348
medium,4096,sequential,48,0.23457,Yes,70967,0.113835,0.23457,0.1207
medium,4096,sequential,49,0.2375,Yes,99557,0.106001,0.2375,0.1315
medium,4096,sequential,50,0.235476,Yes,64613,0.109119,0.235476,0.1264
medium,4096,sequential,51,0.235939,Yes,83665,0.107255,0.235939,0.1287
medium,4096,cuda_basic,42,0.222223,Yes,1803,41.0179,1184.58,1.27626,16.7547,12.7686,0.133277,0.222223,0.0889
medium,4096,cuda_basic,43,0.223777,Yes,1830,41.4672,1203.83,1.24515,16.7416,12.3779,0.129288,0.223777,0.0945
medium,4096,cuda_basic,44,0.224195,Yes,1860,43.4981,1244.94,1.23315,16.5258,12.3047,0.131129,0.224195,0.0931
medium,4096,cuda_basic,45,0.223073,Yes,2013,46.5623,1335.86,1.23386,17.6341,13.5254,0.127833,0.223073,0.0952
medium,4096,cuda_basic,46,0.219957,Yes,1172,25.7807,730.488,1.2673,10.4247,12.6221,0.128382,0.219957,0.0916
medium,4096,cuda_basic,47,0.223704,Yes,1517,33.7306,977.407,1.34589,13.2233,11.8652,0.127546,0.223704,0.0962
medium,4096,cuda_basic,48,0.220541,Yes,1300,29.2166,832.025,1.31933,11.3199,13.2324,0.135012,0.220541,0.0855
medium,4096,cuda_basic,49,0.223865,Yes,2017,46.3978,1342.8,1.3673,18.2049,13.5254,0.129678,0.223865,0.0942
medium,4096,cuda_basic,50,0.224602,Yes,1980,45.6584,1307.85,1.28134,19.4945,14.3311,0.130389,0.224602,0.0942
medium,4096,cuda_basic,51,0.224233,Yes,1986,46.2651,1329.62,1.24461,19.544,12.2314,0.129036,0.224233,0.0952
medium,4096,cuda_optimized,42,0.222223,Yes,2634,45.7593,2040.21,1.28483,15.3054,12.7686,0.133277,0.222223,0.0889
medium,4096,cuda_optimized,43,0.223777,Yes,2704,46.4001,2082.24,1.2832,15.9974,12.3779,0.129288,0.223777,0.0945
medium,4096,cuda_optimized,44,0.224195,Yes,2819,48.7194,2178.08,1.27472,17.2879,12.3047,0.131129,0.224195,0.0931
medium,4096,cuda_optimized,45,0.223073,Yes,3067,52.9326,2372.43,1.11408,18.0271,13.5254,0.127833,0.223073,0.0952
medium,4096,cuda_optimized,46,0.219957,Yes,1782,29.2973,1326.28,1.28717,11.5841,12.6221,0.128382,0.219957,0.0916
medium,4096,cuda_optimized,47,0.223704,Yes,2220,38.3337,1707.68,1.49824,15.033,11.8652,0.127546,0.223704,0.0962
medium,4096,cuda_optimized,48,0.220541,Yes,1910,32.6732,1441.45,1.3401,11.6242,13.2324,0.135012,0.220541,0.0855
medium,4096,cuda_optimized,49,0.223865,Yes,2969,51.8971,2321.15,1.29808,18.2755,13.5254,0.129678,0.223865,0.0942
medium,4096,cuda_optimized,50,0.224602,Yes,2914,51.1042,2274.96,1.30141,17.7725,14.3311,0.130389,0.224602,0.0942
medium,4096,cuda_optimized,51,0.224233,Yes,3004,52.579,2340.72,1.2679,19.7037,12.2314,0.129036,0.224233,0.0952
large,512,sequential,42,0.207167,Yes,147882,0.0688766,0.207167,0.1383
large,512,sequential,43,0.207244,Yes,147902,0.0689471,0.207244,0.1383
large,512,sequential,44,0.207751,Yes,147963,0.0733221,0.207751,0.1344
large,512,sequential,45,0.206567,Yes,147582,0.0701813,0.206567,0.1364
large,512,sequential,46,0.206776,Yes,121313,0.0700146,0.206776,0.1368
large,512,sequential,47,0.207128,Yes,147716,0.0704741,0.207128,0.1367
large,512,sequential,48,0.206839,Yes,132005,0.0688985,0.206839,0.1379
large,512,sequential,49,0.206929,Yes,147574,0.0698428,0.206929,0.1371
large,512,sequential,50,0.207901,Yes,147600,0.0703692,0.207901,0.1375
large,512,sequential,51,0.207981,Yes,147957,0.0700452,0.207981,0.1379
large,512,cuda_basic,42,0.194346,Yes,56657,365.077,55948.5,1.56061,15.7487,4.6875,0.111246,0.194346,0.0831
large,512,cuda_basic,43,0.1947,Yes,63304,404.911,62592.5,1.50154,17.6859,5.27344,0.114361,0.1947,0.0803
large,512,cuda_basic,44,0.192947,Yes,47196,305.037,46624.8,1.49488,13.7015,5.85938,0.111833,0.192947,0.0811
large,512,cuda_basic,45,0.193705,Yes,67789,431.614,67040.4,1.56352,19.7354,5.46875,0.111971,0.193705,0.0817
large,512,cuda_basic,46,0.192846,Yes,51708,334.042,51102.5,1.50397,14.6604,6.44531,0.113222,0.192846,0.0796
large,512,cuda_basic,47,0.1936,Yes,64735,412.84,64019.4,1.77136,18.0641,5.27344,0.111885,0.1936,0.0817
large,512,cuda_basic,48,0.194212,Yes,66684,429.947,65958.8,1.47718,19.7104,5.07812,0.111259,0.194212,0.083
large,512,cuda_basic,49,0.192581,Yes,45625,298.504,45068.1,1.45776,12.7896,5.46875,0.111927,0.192581,0.0807
large,512,cuda_basic,50,0.193807,Yes,67368,431.769,66631.9,1.46637,19.4293,5.66406,0.112798,0.193807,0.081
large,512,cuda_basic,51,0.193522,Yes,67982,435.414,67243.5,1.44605,19.5623,5.07812,0.111916,0.193522,0.0816
large,512,cuda_optimized,42,0.194346,Yes,70570,367.156,69916.2,1.50525,14.3716,4.6875,0.111246,0.194346,0.0831
large,512,cuda_optimized,43,0.1947,Yes,78584,408.47,77842.7,1.48502,16.0138,5.27344,0.114361,0.1947,0.0803
large,512,cuda_optimized,44,0.192947,Yes,58226,306.094,57654.9,1.48336,12.4443,5.85938,0.111833,0.192947,0.0811
large,512,cuda_optimized,45,0.193705,Yes,84712,436.83,83950.1,1.49798,18.6995,5.46875,0.111971,0.193705,0.0817
large,512,cuda_optimized,46,0.192846,Yes,64743,339.34,64114.8,1.53763,13.4391,6.44531,0.113222,0.192846,0.0796
large,512,cuda_optimized,47,0.1936,Yes,82360,424.326,81433.1,1.60669,19.1749,5.27344,0.111885,0.1936,0.0817
large,512,cuda_optimized,48,0.194212,Yes,86372,451.056,85596.8,1.50986,17.8651,5.07812,0.111259,0.194212,0.083
large,512,cuda_optimized,49,0.192581,Yes,56955,300.828,56378.8,1.58403,12.249,5.46875,0.111927,0.192581,0.0807
large,512,cuda_optimized,50,0.193807,Yes,83803,431.967,83048.2,1.51014,17.0522,5.66406,0.112798,0.193807,0.081
large,512,cuda_optimized,51,0.193522,Yes,83944,434.028,83192.1,1.53555,17.4314,5.07812,0.111916,0.193522,0.0816
large,1024,sequential,42,0.20864,Yes,295440,0.0704769,0.20864,0.1382
large,1024,sequential,43,0.208652,Yes,294925,0.0689471,0.208652,0.1397
large,1024,sequential,44,0.206988,Yes,237146,0.0733221,0.206988,0.1337
large,1024,sequential,45,0.207312,Yes,286995,0.0724452,0.207312,0.1349
large,1024,sequential,46,0.20732,Yes,249252,0.0752158,0.20732,0.1321
large,1024,sequential,47,0.206935,Yes,234010,0.0713806,0.206935,0.1356
large,1024,sequential,48,0.20835,Yes,295251,0.0693596,0.20835,0.139
large,1024,sequential,49,0.207259,Yes,229755,0.0748758,0.207259,0.1324
large,1024,sequential,50,0.206347,Yes,198820,0.0703692,0.206347,0.136
large,1024,sequential,51,0.207318,Yes,234148,0.0739229,0.207318,0.1334
large,1024,cuda_basic,42,0.195531,Yes,72893,437.934,71988.9,2.16624,19.4006,5.66406,0.112074,0.195531,0.0835
large,1024,cuda_basic,43,0.195831,Yes,58607,354.948,57829.9,2.17347,15.0006,5.46875,0.112587,0.195831,0.0832
large,1024,cuda_basic,44,0.194029,Yes,73429,440.324,72521.7,2.204,18.7493,5.46875,0.112232,0.194029,0.0818
large,1024,cuda_basic,45,0.196264,Yes,73484,441.406,72581.4,2.21997,18.8186,6.15234,0.113641,0.196264,0.0826
large,1024,cuda_basic,46,0.194964,Yes,73138,438.128,72231.2,2.49027,18.9974,5.07812,0.111527,0.194964,0.0834
large,1024,cuda_basic,47,0.19451,Yes,54244,329.323,53498,2.19821,13.8097,5.17578,0.112586,0.19451,0.0819
large,1024,cuda_basic,48,0.194821,Yes,73323,440.699,72413.6,2.23152,18.3928,6.25,0.113363,0.194821,0.0815
large,1024,cuda_basic,49,0.196013,Yes,73574,441.394,72669.4,2.19226,18.8893,5.27344,0.113124,0.196013,0.0829
large,1024,cuda_basic,50,0.195725,Yes,72908,438.384,71976.4,2.29331,19.9457,5.76172,0.113446,0.195725,0.0823
large,1024,cuda_basic,51,0.19496,Yes,73466,439.218,72490.3,2.36608,20.143,5.66406,0.112353,0.19496,0.0826
large,1024,cuda_optimized,42,0.195531,Yes,109143,444.181,108241,2.19907,19.7107,5.66406,0.112074,0.195531,0.0835
large,1024,cuda_optimized,43,0.195831,Yes,86566,358.026,85755.4,2.2079,16.099,5.46875,0.112587,0.195831,0.0832
large,1024,cuda_optimized,44,0.194029,Yes,108526,442.851,107604,2.18333,19.3332,5.46875,0.112232,0.194029,0.0818
large,1024,cuda_optimized,45,0.196264,Yes,108655,443.444,107757,2.18426,19.6994,6.15234,0.113641,0.196264,0.0826
large,1024,cuda_optimized,46,0.194964,Yes,110520,447.377,109611,2.33674,19.3895,5.07812,0.111527,0.194964,0.0834
large,1024,cuda_optimized,47,0.19451,Yes,80275,331.531,79542.3,2.1303,12.9243,5.17578,0.112586,0.19451,0.0819
large,1024,cuda_optimized,48,0.194821,Yes,108273,442.025,107352,2.16486,17.9646,6.25,0.113363,0.194821,0.0815
large,1024,cuda_optimized,49,0.196013,Yes,108360,442.9,107471,2.12515,17.7675,5.27344,0.113124,0.196013,0.0829
large,1024,cuda_optimized,50,0.195725,Yes,109432,442.693,108536,2.09683,17.8505,5.76172,0.113446,0.195725,0.0823
large,1024,cuda_optimized,51,0.19496,Yes,108417,442.922,107521,2.16685,17.9603,5.66406,0.112353,0.19496,0.0826
large,4096,sequential,42,0.208786,Yes,1051837,0.0731173,0.208786,0.1357
large,4096,sequential,43,0.209736,Yes,1181684,0.0725239,0.209736,0.1372
large,4096,sequential,44,0.209113,Yes,990466,0.0739638,0.209113,0.1351
large,4096,sequential,45,0.209924,Yes,1184120,0.0736517,0.209924,0.1363
large,4096,sequential,46,0.208985,Yes,1038799,0.0752158,0.208985,0.1338
large,4096,sequential,47,0.209415,Yes,1178960,0.0743795,0.209415,0.135
large,4096,sequential,48,0.208685,Yes,944926,0.0761244,0.208685,0.1326
large,4096,sequential,49,0.209471,Yes,1188772,0.0748758,0.209471,0.1346
large,4096,sequential,50,0.20931,Yes,1192266,0.0765716,0.20931,0.1327
large,4096,sequential,51,0.209382,Yes,1195584,0.0739229,0.209382,0.1355
large,4096,cuda_basic,42,0.195975,Yes,71841,467.735,70054.7,6.37674,19.4145,5.56641,0.114192,0.195975,0.0818
large,4096,cuda_basic,43,0.196617,Yes,79360,517.462,77509.4,6.54298,21.2044,5.61523,0.112995,0.196617,0.0836
large,4096,cuda_basic,44,0.196138,Yes,79527,517.315,77676.6,6.2864,21.9035,5.44434,0.113323,0.196138,0.0828
large,4096,cuda_basic,45,0.196995,Yes,79480,517.757,77626.4,6.30864,20.6949,5.71289,0.113784,0.196995,0.0832
large,4096,cuda_basic,46,0.196352,Yes,77760,506.951,75935.3,6.55002,20.9957,5.46875,0.112961,0.196352,0.0834
large,4096,cuda_basic,47,0.196719,Yes,79379,516.465,77442.5,6.57914,21.4771,5.32227,0.113937,0.196719,0.0828
large,4096,cuda_basic,48,0.196205,Yes,79482,516.629,77640.1,6.35651,21.1058,5.71289,0.114128,0.196205,0.0821
large,4096,cuda_basic,49,0.197129,Yes,79319,517.018,77471,6.33965,21.7809,5.9082,0.113095,0.197129,0.084
large,4096,cuda_basic,50,0.196788,Yes,79373,517.122,77544.8,6.55267,21.6103,6.15234,0.114526,0.196788,0.0823
large,4096,cuda_basic,51,0.196947,Yes,79283,515.4,77439.9,6.24883,20.2127,5.54199,0.112974,0.196947,0.084
large,4096,cuda_optimized,42,0.195975,Yes,103195,470.123,101430,6.23171,16.9285,5.56641,0.114192,0.195975,0.0818
large,4096,cuda_optimized,43,0.196617,Yes,113889,522.425,112017,6.2559,17.521,5.61523,0.112995,0.196617,0.0836
large,4096,cuda_optimized,44,0.196138,Yes,114156,522.482,112285,6.48365,18.5723,5.44434,0.113323,0.196138,0.0828
large,4096,cuda_optimized,45,0.196995,Yes,113654,522.879,111774,6.32659,17.3521,5.71289,0.113784,0.196995,0.0832
large,4096,cuda_optimized,46,0.196352,Yes,111354,511.315,109510,6.35645,18.4696,5.46875,0.112961,0.196352,0.0834
large,4096,cuda_optimized,47,0.196719,Yes,114158,522.454,112287,6.34778,17.1115,5.32227,0.113937,0.196719,0.0828
large,4096,cuda_optimized,48,0.196205,Yes,114198,522.561,112320,6.45405,18.0088,5.71289,0.114128,0.196205,0.0821
large,4096,cuda_optimized,49,0.197129,Yes,113966,522.593,112094,6.54682,17.8341,5.9082,0.113095,0.197129,0.084
large,4096,cuda_optimized,50,0.196788,Yes,113964,523.048,112079,6.3344,17.5889,6.15234,0.114526,0.196788,0.0823
large,4096,cuda_optimized,51,0.196947,Yes,113980,522.55,112108,6.53469,17.022,5.54199,0.112974,0.196947,0.084