instance,population,block_size,variant,seed,best_fitness,feasible,wall_time_ms,kernel_fitness_ms,kernel_repro_ms,transfer_overhead_pct
large,4096,32,cuda_basic,42,0.222223,Yes,1795,39.429,1139.07,0.971875
large,4096,32,cuda_basic,43,0.223777,Yes,1818,39.6043,1158.08,0.987399
large,4096,32,cuda_basic,44,0.224195,Yes,1846,41.7274,1192.05,0.976002
large,4096,32,cuda_basic,45,0.223073,Yes,1968,44.1431,1269.1,0.956067
large,4096,32,cuda_basic,46,0.219957,Yes,1149,24.5377,694.353,0.91955
large,4096,32,cuda_basic,47,0.223704,Yes,1478,32.099,923.252,0.961017
large,4096,32,cuda_basic,48,0.220541,Yes,1267,27.6876,785.918,0.946677
large,4096,32,cuda_basic,49,0.223865,Yes,1945,43.7798,1262.66,0.966724
large,4096,32,cuda_basic,50,0.224602,Yes,1926,43.2055,1235.47,0.942729
large,4096,32,cuda_basic,51,0.224233,Yes,1933,43.8133,1260.28,1.00871
large,4096,32,cuda_optimized,42,0.222223,Yes,2645,44.5696,2038.07,0.610742
large,4096,32,cuda_optimized,43,0.223777,Yes,2676,44.7203,2067.61,0.613293
large,4096,32,cuda_optimized,44,0.224195,Yes,2790,46.5253,2156.52,0.609331
large,4096,32,cuda_optimized,45,0.223073,Yes,2974,49.9854,2306.13,0.617085
large,4096,32,cuda_optimized,46,0.219957,Yes,1711,27.7781,1261.95,0.65438
large,4096,32,cuda_optimized,47,0.223704,Yes,2188,36.2466,1676.82,0.610862
large,4096,32,cuda_optimized,48,0.220541,Yes,1904,31.2506,1430.94,0.617503
large,4096,32,cuda_optimized,49,0.223865,Yes,2993,50.3481,2313.8,0.630455
large,4096,32,cuda_optimized,50,0.224602,Yes,2934,49.1516,2274.88,0.625006
large,4096,32,cuda_optimized,51,0.224233,Yes,2973,50.0405,2311.82,0.619323
large,4096,64,cuda_basic,42,0.222223,Yes,1769,39.3839,1149.14,0.975315
large,4096,64,cuda_basic,43,0.223777,Yes,1773,39.9102,1173.25,0.943298
large,4096,64,cuda_basic,44,0.224195,Yes,1848,41.873,1208.67,0.913465
large,4096,64,cuda_basic,45,0.223073,Yes,1944,44.698,1296.79,0.935235
large,4096,64,cuda_basic,46,0.219957,Yes,1158,25.0008,712.461,0.994946
large,4096,64,cuda_basic,47,0.223704,Yes,1489,32.6119,947.471,0.965178
large,4096,64,cuda_basic,48,0.220541,Yes,1289,28.1365,805.881,0.958039
large,4096,64,cuda_basic,49,0.223865,Yes,1944,44.7776,1298.82,1.04787
large,4096,64,cuda_basic,50,0.224602,Yes,1931,44.1861,1271.36,1.01103
large,4096,64,cuda_basic,51,0.224233,Yes,1982,44.7027,1295.32,0.986322
large,4096,64,cuda_optimized,42,0.222223,Yes,2624,44.8213,2047.11,0.62076
large,4096,64,cuda_optimized,43,0.223777,Yes,2659,45.0722,2073.77,0.620823
large,4096,64,cuda_optimized,44,0.224195,Yes,2780,47.6783,2160.58,0.634869
large,4096,64,cuda_optimized,45,0.223073,Yes,2966,50.5192,2316.49,0.629044
large,4096,64,cuda_optimized,46,0.219957,Yes,1693,28.3803,1266.31,0.634795
large,4096,64,cuda_optimized,47,0.223704,Yes,2210,36.8758,1683.01,0.630963
large,4096,64,cuda_optimized,48,0.220541,Yes,1918,31.7259,1437.35,0.619507
large,4096,64,cuda_optimized,49,0.223865,Yes,2967,50.8814,2321.3,0.614671
large,4096,64,cuda_optimized,50,0.224602,Yes,3022,50.1787,2351.34,0.675555
large,4096,64,cuda_optimized,51,0.224233,Yes,3098,50.7757,2394.8,0.689375
large,4096,128,cuda_basic,42,0.222223,Yes,1809,40.6272,1198.05,1.041
large,4096,128,cuda_basic,43,0.223777,Yes,1868,41.5071,1222.59,1.01192
large,4096,128,cuda_basic,44,0.224195,Yes,1881,43.173,1254.1,1.06001
large,4096,128,cuda_basic,45,0.223073,Yes,2021,46.1691,1341.13,1.07635
large,4096,128,cuda_basic,46,0.219957,Yes,1205,25.8633,736.969,1.04903
large,4096,128,cuda_basic,47,0.223704,Yes,1529,33.8768,980.392,1.09207
large,4096,128,cuda_basic,48,0.220541,Yes,1334,29.105,840.534,0.957359
large,4096,128,cuda_basic,49,0.223865,Yes,2027,46.268,1347.52,1.03019
large,4096,128,cuda_basic,50,0.224602,Yes,1990,45.3515,1315.6,1.06881
large,4096,128,cuda_basic,51,0.224233,Yes,2057,45.9729,1356.24,0.9983
large,4096,128,cuda_optimized,42,0.222223,Yes,2636,45.7867,2047.18,0.648869
large,4096,128,cuda_optimized,43,0.223777,Yes,2669,46.4261,2074.27,0.639009
large,4096,128,cuda_optimized,44,0.224195,Yes,2795,48.4003,2167.71,0.649237
large,4096,128,cuda_optimized,45,0.223073,Yes,2970,52.1121,2317.17,0.619819
large,4096,128,cuda_optimized,46,0.219957,Yes,1706,28.5981,1268.03,0.649125
large,4096,128,cuda_optimized,47,0.223704,Yes,2220,37.7335,1684.07,0.630452
large,4096,128,cuda_optimized,48,0.220541,Yes,1896,32.6602,1437.66,0.639303
large,4096,128,cuda_optimized,49,0.223865,Yes,2972,51.7843,2320.74,0.614581
large,4096,128,cuda_optimized,50,0.224602,Yes,2922,51.3521,2273.64,0.627827
large,4096,128,cuda_optimized,51,0.224233,Yes,2959,51.7272,2308.94,0.639547
large,4096,256,cuda_basic,42,0.222223,Yes,1966,44.5027,1352.27,0.891571
large,4096,256,cuda_basic,43,0.223777,Yes,1999,44.5943,1369.7,0.867544
large,4096,256,cuda_basic,44,0.224195,Yes,2037,46.7739,1421.49,0.869365
large,4096,256,cuda_basic,45,0.223073,Yes,2189,50.0897,1525.97,0.864488
large,4096,256,cuda_basic,46,0.219957,Yes,1279,27.915,834.556,0.907909
large,4096,256,cuda_basic,47,0.223704,Yes,1632,36.4123,1113.5,0.883692
large,4096,256,cuda_basic,48,0.220541,Yes,1435,31.5331,947.792,0.899091
large,4096,256,cuda_basic,49,0.223865,Yes,2180,49.9226,1525.33,0.85543
large,4096,256,cuda_basic,50,0.224602,Yes,2169,49.4153,1494.5,0.939217
large,4096,256,cuda_basic,51,0.224233,Yes,2204,49.9684,1522.37,0.895988
large,4096,256,cuda_optimized,42,0.222223,Yes,2623,49.3849,2046.85,0.627747
large,4096,256,cuda_optimized,43,0.223777,Yes,2661,49.7148,2068.48,0.647087
large,4096,256,cuda_optimized,44,0.224195,Yes,2777,52.2209,2154.56,0.650234
large,4096,256,cuda_optimized,45,0.223073,Yes,2953,55.4719,2305.21,0.620787
large,4096,256,cuda_optimized,46,0.219957,Yes,1696,30.9191,1261.37,0.636145
large,4096,256,cuda_optimized,47,0.223704,Yes,2210,40.4738,1677.25,0.622198
large,4096,256,cuda_optimized,48,0.220541,Yes,1918,35.1824,1428.83,0.625073
large,4096,256,cuda_optimized,49,0.223865,Yes,2953,55.8131,2308.56,0.622986
large,4096,256,cuda_optimized,50,0.224602,Yes,2905,55.2561,2262.22,0.620116
large,4096,256,cuda_optimized,51,0.224233,Yes,2941,55.3941,2300.24,0.626371
